{
    "mean": [
        0.45883406169632224,
        0.46223695204507137,
        0.4338128939655822
    ],
    "std": [
        0.2573072747487122,
        0.2580701724489126,
        0.2855392863239297
    ]
}